{
  "0": {
    "x": 0.5941718816757202,
    "y": 0.1161162257194519,
    "z": 0.0,
    "qx": 0.0,
    "qy": 0.0,
    "qz": -0.22243119776248932,
    "qw": 0.9749484062194824
  },
  "1": {
    "x": 0.6474221348762512,
    "y": 0.09386594593524933,
    "z": 0.0,
    "qx": 0.0,
    "qy": 0.0,
    "qz": -0.20441287755966187,
    "qw": 0.978884756565094
  },
  "7": {
    "x": 0.6474221348762512,
    "y": 0.09386594593524933,
    "z": 0.0,
    "qx": 0.0,
    "qy": 0.0,
    "qz": -0.20441287755966187,
    "qw": 0.978884756565094
  },
  "9": {
    "x": 0.6474221348762512,
    "y": 0.09386594593524933,
    "z": 0.0,
    "qx": 0.0,
    "qy": 0.0,
    "qz": -0.20441287755966187,
    "qw": 0.978884756565094
  }
}